Image,Box IoU,Box Dice,Box Precision,Box Recall,Box Latency (ms),1-Click IoU,1-Click Dice,1-Click Precision,1-Click Recall,1-Click Latency (ms)
0001TP_006690.png,9.86180605170689,17.95311110590225,9.956460031994505,91.2075804118097,360.7622590000119,23.67498452801093,38.28580956506823,78.6840301037121,25.297487874548814,357.4830219999967
0001TP_006720.png,73.90339310809516,84.9936183386119,74.62125204539257,98.71502271240023,353.3406689998628,56.53260637936931,72.23109317218932,87.84443568473081,61.33032942656208,356.1624149999716
0001TP_006750.png,78.4803593346767,87.94285223004799,79.05867606450752,99.07652319047122,354.95848000005026,0.9791249159080359,1.9392620340558855,99.99999996402879,0.9791249159080359,354.4883319998462
0001TP_006780.png,78.00002355939381,87.64046430967724,78.65929353322763,98.93689345737884,353.3813160001955,54.125830242500925,70.23589771726073,90.59094261637061,57.349853944038045,355.9470950001469
0001TP_006810.png,92.38302497694067,96.04072395473962,98.72093017516225,93.5022025916838,354.1918240000541,92.345276822831,96.02032173411789,98.49449907440967,93.6674008294783,365.2337749999788
0001TP_006840.png,58.2648401294385,73.62954410061768,59.0194264023872,97.8527605861154,366.87527499998396,51.45161286173256,67.94462190205292,52.03915167044114,97.8527605861154,371.03782000008323
0001TP_006870.png,77.15930899149355,87.10725891937004,89.81233239954767,84.56037017898176,359.74376400008623,72.41650291850038,84.00182313491298,91.64594724433319,77.53470758202158,356.48740099986753
0001TP_006900.png,1.7587179340908012,3.456643263194263,3.182665978783423,3.782233875952329,352.61859000002005,6.885437478730299,12.88377096290684,98.83658007320933,6.891022617882222,355.6322240001464
0001TP_006930.png,79.75951901143638,88.74024524549606,97.07317069224668,81.72484596792442,353.38072999979886,74.27716846983145,85.24027458328752,96.25322993270748,76.48870633932626,356.5076310001132
0001TP_006960.png,20.3549242685078,33.824830005453954,21.751696874361308,76.01824698103498,353.4812789998796,65.12249442792731,78.87779875606468,96.5107506510269,66.69273378516176,355.58623599990824
0001TP_006990.png,80.33531004609888,89.09548554363855,93.71423690377365,84.91062446143228,352.7578480000102,1.4668547248612935,2.891298303941389,14.197952208738599,1.6095333899551547,356.48277399991457
0001TP_007020.png,85.18198594035172,91.99813416817916,98.48828762944942,86.31047103412196,352.00304599993615,77.03475756195863,87.02783410765878,98.93094188078578,77.68141310957665,357.22556399991845
0001TP_007050.png,80.25405349374537,89.0454910036518,99.98391713789495,80.26441500554485,355.2922179999314,79.66486793318879,88.68163136135601,99.98703781392828,79.67309628735319,356.88846800007923
0001TP_007080.png,93.30949255141665,96.53896590370296,99.09381534747268,94.11254422796227,353.9320029999544,92.30542586255596,95.99877429202468,99.22765812057237,92.97340486033619,357.04777199998716
0001TP_007110.png,77.73704309704884,87.47421667705194,92.36892599459708,83.07215148353453,365.1838560001579,76.49436385511082,86.68193384113637,95.3748810097045,79.44125740218644,366.82219700014684
0001TP_007140.png,54.6766435003018,70.69799584860415,59.55985094788544,86.96021759827265,362.1924730000501,35.112042554391095,51.974704682976416,87.15486190990201,37.02822168700642,365.72537699998975
0001TP_007170.png,88.7835109608718,94.0585441058711,94.59729864695855,93.52589148589135,361.7332090000218,82.71534933970919,90.54012116510546,99.63177431033016,82.96898956221948,364.35458000005383
0001TP_007200.png,56.81498989289162,72.46117215158782,70.22312544687654,74.84657039373435,361.2075720000121,62.56539779620398,76.9725890556827,99.91356956929461,62.59927797551447,363.7527420000879
0001TP_007230.png,67.68812329763597,80.73096885638557,95.43409346070997,69.95352671951302,358.41637399994397,10.270795930196334,18.628315581757402,98.07142853640306,10.291582339768699,362.58115300006466
0001TP_007260.png,79.93485340283716,88.84866038029826,90.6426988203293,87.12426033440846,359.8500860000513,13.863476421800733,24.35105067483497,93.958664397522,13.988165677162565,362.38397099987196
0001TP_007290.png,47.165216260320655,64.09832086529207,68.89763779200752,59.92408927513825,359.09538700002486,59.92039065780621,74.93777424046245,99.11756719392359,60.2417591459944,360.5644659999143
0001TP_007320.png,21.786183616640827,35.77775897012996,72.2958529224202,23.77069920369505,356.7299670000921,24.934941376586313,39.916681597385846,98.14957593367666,25.052714441647144,360.9706009999627
0001TP_007350.png,4.473963178407417,8.564742912580714,7.327876403836579,10.303936222705335,356.3594539998576,19.82039769052475,33.08351177688025,22.22793135302593,64.66367712682293,361.91409200000635
0001TP_007380.png,46.64635987274721,63.61748073832138,51.82670016137409,82.35315020690626,356.032242000083,0.2132120393706311,0.42551682563945115,99.99999944444446,0.2132120393706311,359.51854099994307
0001TP_007410.png,79.52837945055902,88.59700031154198,83.51631174994219,94.33589480507865,355.428431999826,0.198416034704323,0.396046250143516,99.9999995762712,0.198416034704323,358.9648090000992
0001TP_007440.png,1.4622216311162668,2.8822976820524002,1.4916935508073408,42.53169996936778,358.77798800015626,3.057515500736045,5.933609957275184,85.6287420022231,3.0732860513489606,359.1707299999598
0001TP_007470.png,12.3322857484488,21.9567965990919,17.50150098561191,29.45507036958101,355.92944199993326,28.418849676811803,44.259623487257116,99.94923855331238,28.422952000835583,358.67848699990645
0001TP_007500.png,24.207366983672177,38.978955228725496,30.400219296162266,54.302852239649546,356.91360199984956,25.11778442274908,40.15062213359035,27.406016716847436,75.05202594258145,358.773630000087
0001TP_007530.png,75.69623963918333,86.16717101588068,81.27244373806263,91.68926334744263,355.6337850000091,57.1362362801187,72.72191014969312,81.47925616525492,65.66434243603796,354.8932230000901
0001TP_007560.png,58.80734924906259,74.06124405090743,78.00198361066897,70.49953578632866,354.6139510001467,3.991111961598666,7.675871305371722,91.42717971470356,4.006104133052962,358.3183719999852
0001TP_007590.png,59.30113051399432,74.45161289522025,60.37670037314672,97.08356699464848,355.77640199994676,48.18694599833818,65.03534528456854,91.95284464789705,50.30846885857867,360.2910399999928
0001TP_007620.png,49.32339132382184,66.06251155501741,50.30985915020565,96.17662895419554,356.1758050000208,38.33596629132246,55.42443851599741,94.54545450452578,39.203015609548906,358.8616299998648
0001TP_007650.png,64.54224787299414,78.45066991282702,70.40972495210067,88.56498541947279,355.60528300015903,0.39722744889279316,0.791311590940102,0.5582299364802533,1.358561135176362,358.1817440001487
0001TP_007680.png,81.54897475729163,89.83688821852334,85.44152724238299,94.70899445844182,355.7870390000062,2.8831917709901664,5.604786790456352,2.884990253186355,97.88359762464657,359.42071399995257
0001TP_007710.png,73.69589336992686,84.85622997772764,75.45454536880165,96.93430642783312,355.00875499997164,7.826520437708559,14.516874709371605,7.882515374936297,91.67883198295061,359.8731179999959
0001TP_007740.png,8.199831364207455,15.156828362525458,16.235392313758183,14.212641573177699,363.01145900006304,1.3431860319144313,2.6507673273493544,1.3749129585699964,36.79210813416437,378.5193310000068
0001TP_007770.png,93.1272425909116,96.44133198564508,97.74044029613545,95.17630462759485,357.3040260000653,92.38981656381335,96.04439383949283,96.89922477838093,95.20451337229774,359.5333779999237
0001TP_007800.png,92.4777402233719,96.09188066739641,95.13581803691226,97.06735414209882,359.5489639999414,91.96102311450639,95.81218272591812,94.34551699645564,97.32516915974053,361.88079600015044
0001TP_007830.png,90.70459805137129,95.12575887335198,96.71957668546047,93.58361771550048,356.57374299989897,73.1731731487577,84.50867050394822,97.0353981871525,74.8464163567077,360.75252399996316
0001TP_007860.png,92.61290319593132,96.16479650039108,97.71953706680752,94.65875367798921,358.8997169999857,90.14810042171665,94.81882829413836,97.45910195006645,92.317837094521,359.5456880000256
0001TP_007890.png,88.68747129676744,94.00462117305062,96.89145146731225,91.28483701197807,358.9869899999485,85.53400325180321,92.2030482312378,98.78542507455185,86.44307980953162,359.5214929998747
0001TP_007920.png,86.01050593226284,92.47919143189065,97.17320004729451,88.21777965571845,357.26466200003415,79.32812934495007,88.47260007085328,97.91810046491429,80.68906847005685,359.5347790001142
0001TP_007950.png,90.98335636258584,95.27883276891632,92.19709315830579,98.5737145291993,356.9394789999478,26.85991707950448,42.34579006175935,90.69118505439941,27.62143517520937,359.00379700001395
0001TP_007980.png,92.45150711661857,96.07771692907174,95.18238894282231,96.99004856731952,357.63734800002567,0.29645679233642186,0.5911610475936054,99.99999987654321,0.29645679233642186,359.17324699994424
0001TP_008010.png,91.63285440549919,95.63376247749473,94.00755144519326,97.31722668005078,356.56218299982356,15.520377184214782,26.870371379527587,87.61600126194337,15.868486174827744,359.40963300004114
0001TP_008040.png,91.73400376927428,95.6888209351364,93.05580364495698,98.47517966311665,356.59516300006544,0.011901719798469223,0.02380060691539304,99.99999705882362,0.011901719798469223,358.9892160000545
0001TP_008070.png,91.98164787069199,95.82337571416788,93.14591039289061,98.65932326701666,357.3305119998622,2.2514183971149784,4.403691278630718,99.9999999843088,2.2514183971149784,359.4379099999969
0001TP_008100.png,90.79280635686895,95.17424486858826,92.38471359233166,98.13747934013193,357.0640150001054,2.5684702376338806,5.008303685690481,99.99999998591946,2.5684702376338806,359.22292899999775
0001TP_008130.png,79.31108166947894,88.46199680583234,81.31342341797402,96.98863814429673,357.19534500003647,77.96182508547894,87.61634698681267,79.74533761989501,97.21127614327006,360.01811300002373
0001TP_008160.png,83.5088035027782,91.01340307252774,85.46607112641813,97.3308395523665,356.5488340000229,83.76131687180126,91.16316567347661,85.33911677871198,97.840374765353,360.0111470000229
0001TP_008190.png,90.64593419900369,95.09348791502042,93.7371751980942,96.48962671977483,358.461072999944,0.9414377603174545,1.8653147432927821,99.99999996499825,0.9414377603174545,359.65231099999073
0001TP_008220.png,91.95670494888223,95.80983896693806,93.85695347228746,97.8457188670231,356.61877400002595,44.027572184501366,61.13769956227746,94.96336792752876,45.080249257834744,359.5842110000831
0001TP_008250.png,90.88971367289317,95.22746084541876,93.59749872354007,96.9151993654094,366.70853200007514,25.689180550216932,40.877314081864455,95.29813183506803,26.01896204279337,369.3763260000651
0001TP_008280.png,92.13686295431341,95.90753334639575,94.92973252343671,96.90568701184512,365.2435520000381,5.5097796704632716,10.444111792616502,99.85718720274093,5.510213871110231,367.0177589999639
0001TP_008310.png,90.4189058666311,94.96841235918062,93.8832317618932,96.07897316433419,364.07282200002555,27.121908299843184,42.67070666665982,96.66887347878941,27.377780409249354,366.50341900008243
0001TP_008340.png,90.7946294986017,95.17524653309711,95.11002859659648,95.24055397188275,363.4561369999574,0.6352268982902028,1.2624344732331405,99.99999994652406,0.6352268982902028,364.4294829998671
0001TP_008370.png,87.79359203191876,93.50009346111952,91.62392592780844,95.45470316451703,360.5940820000342,91.189502968049,95.39174646349522,98.9120715313371,92.11338953915154,364.78261899992503
0001TP_008400.png,86.7235876913772,92.889804404055,95.49286909959879,90.42488907981911,360.1275230000738,0.47554797695320034,0.9465944431818977,99.99999991296778,0.47554797695320034,362.8102380000655
0001TP_008430.png,91.14883600265739,95.36949102990114,92.53935383213147,98.37819798527094,360.7192879999275,33.75847645587089,50.47676581006567,94.71461593031778,34.406640076033575,362.95596299987665
0001TP_008460.png,89.7958997426968,94.62364557340979,92.87423369298241,96.44022777790411,359.3004110000493,0.6752981995281964,1.341537023689414,99.99999992743105,0.6752981995281964,361.7178800000147
0001TP_008490.png,29.161335346148498,45.15489913138014,39.705416528396356,52.338204581975326,359.53214100004516,8.032438693177749,14.870420015215293,51.67701856934532,8.68475991467959,361.64031099997374
0001TP_008520.png,20.37785097132696,33.85647908963054,25.933248969793322,48.75111506857699,358.32101600021815,25.484363692782026,40.61759241203039,35.68614206510344,47.130538202924384,362.46411999991324
0001TP_008550.png,61.3367799094862,76.03570610978798,65.74095451480125,90.15333121850136,358.4405849999257,88.51165516531351,93.90576416900488,99.6446880818413,88.79189469949831,361.95934100010163
0001TP_008580.png,65.48120989317312,79.14035670327128,74.55646002144056,84.32483473981057,357.6408460000948,52.765917064924004,69.08074533732417,72.90246459453297,65.6397544776157,362.134259999948
0001TP_008610.png,25.54502957739854,40.694609198606344,31.757868749652445,56.63059427213586,357.6331939998454,0.6242197252876565,1.2406947889719342,18.421052583102494,0.6419662508582202,361.780397000075
0001TP_008640.png,81.71390007981518,89.93687334202122,98.05668008254518,83.058984853869,358.63753400008136,36.72506736069739,53.72104482320304,95.44658477154714,37.379972539519905,362.3785790000511
0001TP_008670.png,56.93873012184647,72.56173167406097,73.15522537062807,71.97779027017226,358.36247299994284,0.3713126589984421,0.7398780571096842,14.634146321633947,0.37953331457760986,361.3500850001401
0001TP_008700.png,80.21296268439725,89.02019198793413,89.34254675627578,88.70015501537979,358.5860139999113,2.208878791117442,4.322283577010351,4.646487634477071,4.040370724494859,361.12510999987535
0001TP_008730.png,35.829140728601146,52.75619139811979,39.521766723899155,79.31642102566231,357.37459599999966,2.893096216250629,5.623499190208452,99.99999996689837,2.893096216250629,361.5945799999736
0001TP_008760.png,0.09856238301890324,0.19693066648002877,0.15840253443928382,0.26022500262511533,357.9719300000761,72.97762691616936,84.37811087735261,92.70730056666025,77.42219535173192,361.0407329999816
0001TP_008790.png,83.17818810511271,90.81669489751998,92.05911329790122,89.607364986448,357.66235599999163,67.785960754293,80.80051566836305,91.84606259056397,72.12647614674832,361.09790199998315
0001TP_008820.png,0.0,0.0,0.0,0.0,366.5503429999717,15.354266434061975,26.62106380406602,69.6752685430701,16.45381385536349,371.04196700011016
0001TP_008850.png,0.13658859632963033,0.27280457272265574,0.17489797617923714,0.6197183098425293,366.4215940000304,0.2896451846410372,0.5776173285044093,89.99999925,0.289738430575728,368.98083999994924
0001TP_008880.png,88.02306866657648,93.63007347004726,95.29202511542009,92.02509902576418,364.26475400003255,14.830763067800563,25.830644457259073,75.63840652440612,15.574718687013188,367.37718299991684
0001TP_008910.png,87.09625478739265,93.10315151563533,99.7234615206031,87.30712117995651,363.2252659999722,18.953068591446844,31.866464339045457,99.22375968625991,18.981212472755466,366.295879000063
0001TP_008940.png,87.69747618936343,93.44555714844837,91.33653345407042,95.65428060641246,362.0265389999986,86.5758696345096,92.80500185163955,99.17343986433484,87.20511189584795,364.3201879999651
0001TP_008970.png,83.30224820840553,90.89059083846591,85.1698190979444,97.43521711926432,361.5994240001328,24.258474575557365,39.04518328978296,99.24160345500883,24.30352878676031,364.53557000004366
0001TP_009000.png,92.00110708773842,95.83393396340868,97.76470585359863,93.97794738649196,361.37314600000536,87.12980899885696,93.12231916977926,97.64267987045822,89.00197905315184,363.883807999855
0001TP_009090.png,67.55754758555894,80.63802384200261,76.83448709638658,84.83774581040797,359.35458700009804,67.34620391470663,80.48728006884673,76.85791053969155,84.47640886371772,363.5744970001724
0001TP_009120.png,63.857411307332804,77.94265855642149,69.3184979116267,89.01766223103719,359.7454549999384,61.886263397438846,76.45647270949108,70.08931524743338,84.0960508003931,363.1908869999734
0001TP_009150.png,39.988673100030944,57.13129814646712,49.48170642539546,67.57856117133599,359.7823210000115,16.34972080096158,28.104443548998116,24.261212190744548,33.39448077710183,361.69243499989534
0001TP_009180.png,91.95987653966205,95.81156041289871,98.43078955655638,93.32811276063711,360.0110519998907,91.69888647959716,95.66971218620702,98.65230231277184,92.86217697365457,362.0928830000594
0001TP_009330.png,93.88207476076812,96.8445121877405,97.3341504370562,96.3597755048749,359.58961200003614,20.263916271763396,33.69907932479517,99.9999999251497,20.263916271763396,362.37165299985463
0001TP_009360.png,91.9784539100337,95.8216425194645,96.9762087341556,94.69424459012376,358.361018000096,89.09386067162133,94.23242019088173,98.3064647291473,90.48261389531136,362.36747099997046
0001TP_009570.png,0.45271629755899584,0.90135202759071,0.7798960131889983,1.0676156570965414,360.0564270000177,45.081967176162316,62.14689262025599,59.33117577202678,65.24317904478863,361.7556270000932
0001TP_009600.png,79.28571409693878,88.44621502198378,82.83582068946313,94.87179460150486,358.7809030000244,54.37201899145943,70.44284235793734,55.16129023361083,97.43589715830228,361.6533669999171
0001TP_009630.png,91.47816936047391,95.54945053632562,94.4338853938545,96.69168749049439,358.8009309999052,37.69241632005473,54.7487179431027,43.377214359925695,74.20072280394754,361.36302299996714
0001TP_009660.png,83.79360463593866,91.18228547932164,86.93685201000247,95.86364579175563,358.34167799998795,51.71197342774185,68.17124879384882,99.679999960128,51.797962990688426,361.90877400008503
0001TP_010170.png,63.8379941525188,77.92819300887098,84.76312409121239,72.1132896817938,358.7216769999486,58.416833608800765,73.75079059218798,87.9336348598286,63.50762520315073,361.27021499987677
0001TP_010200.png,60.40086670617504,75.31239443589584,65.85942110699385,87.93375387386926,358.5308789999999,23.436426100730976,37.97327392095029,64.58333321101641,26.892744458286476,361.3999320000403
0001TP_010230.png,92.17590546365247,95.92868080029557,98.22515275771708,93.73713717920576,368.7526720000278,87.81563992489053,93.51259560706333,88.99365861168485,98.51500958000074,371.7041159998189
0001TP_010260.png,56.394027116574605,72.11787835674701,56.84081078210937,98.62534895371708,366.23353999993924,79.68328529922933,88.69304138838683,88.49855904447881,88.88838039398146,369.88476600004105
0006R0_f00990.png,85.62300292133226,92.25473305980253,91.15646227497803,93.37979061540142,365.5614140000125,83.22580618314255,90.8450702625967,91.8149462924735,89.89547007005064,368.3910709999054
0006R0_f01020.png,95.59042113166058,97.74550366892909,97.94398848481733,97.54782168218186,362.6732269999593,34.80239318826979,51.634681499554006,99.9999999757869,34.80239318826979,366.1290459999691
0006R0_f01350.png,79.77296179984046,88.74856485777858,81.5056937828963,97.40423384642031,363.06711199995334,79.01414307840804,88.27698384009794,81.89264926020851,95.74092739522658,366.52928100011195
0006R0_f01380.png,41.68266515621878,58.83947074295875,95.15339002445131,42.58682357879464,361.19109499986735,20.9409064806723,34.629981021382356,97.43726636548998,21.05688242516939,365.25321399994937
0006R0_f01590.png,75.87538067691519,86.28311749476639,81.15117594762286,92.10795799545069,360.1788190001116,67.87286623675762,80.86222360799378,92.24592388076948,71.9795192211754,364.057295000066
0006R0_f01620.png,87.45362463801524,93.30694437826284,93.46844365972545,93.14600222518705,360.40073200001643,43.54977811858389,60.67550739452652,99.99999999639938,43.54977811858389,363.8071789998776
0006R0_f01650.png,49.97274886031898,66.64243902985656,56.09132619497288,82.08268056136832,359.36750199994094,18.37960448489251,31.051978193149132,99.58455944268918,18.393707835841234,363.09181499996157
0006R0_f01680.png,39.746376810285035,56.88358827970671,47.534073897126994,70.81157208668436,359.0198940000846,3.738646351963747,7.207817883567315,96.37462221091447,3.7439117420489456,361.9535780001115
0006R0_f02190.png,77.69700493200101,87.44886269943962,86.55652735883437,88.3597883451786,359.13866800001415,81.09915197633738,89.56325978482096,98.3389361086931,82.2255290869336,362.5970809998762
0006R0_f02220.png,57.28155339381297,72.83950616940724,66.11068342604476,81.09327456918547,359.9426840000888,70.8328978920647,82.92653085685896,99.44248824832123,71.11530793504194,362.23697099990204
0006R0_f02250.png,94.86473293795666,97.36470166529396,97.34487687437706,97.3845345323027,358.5708829998566,93.61209479669373,96.70066830793085,95.43485332935772,98.00051331525322,361.2543149999965
0006R0_f02280.png,95.78168226700595,97.84539713616255,97.3458960914283,98.35005069635423,357.75196499980666,0.01089352003146177,0.021784666945866005,99.9999961538463,0.01089352003146177,361.1921510000684
0006R0_f02490.png,96.96845590380724,98.4608986843694,99.56090845871095,97.38493044478962,358.72912299987547,96.97243677465934,98.4629508194569,99.42745143004963,97.51698279813516,361.21721800009254
0006R0_f02520.png,0.05712118812043872,0.11417715689229842,0.05808618232199228,3.3240223454402176,360.5656350000572,47.169811308562984,64.10256409130618,86.32923363939014,50.97765361704535,362.04692199999045
0006R0_f02850.png,82.75571768166749,90.56429941723114,98.64525838791683,83.70706782802908,357.277737000004,55.44568441087079,71.33769537701401,99.16624555352041,55.70536473804919,361.3596210000196
0006R0_f02880.png,3.793337086889877,7.309403846827492,3.807489499452547,91.07572458573998,358.26584100004766,0.9736216459896273,1.928467316747565,45.2631576565097,0.9852216747639796,361.4204900000004
0006R0_f03090.png,86.15375520890164,92.56193098250417,89.58539508811761,95.74305947828996,358.2705989999795,72.3331035908582,83.94568667733931,73.08907968970848,98.59021691937703,361.33193099999517
0006R0_f03120.png,65.93652147748521,79.47198228622827,66.12209384248969,99.57616572652384,368.93774400004986,77.50682333968739,87.32827491523051,78.28092900125189,98.74020935437566,372.38861800005907
0006R0_f03150.png,1.8896728987185683,3.7092530478470778,2.245906583506446,10.64536210807578,367.68486599976313,32.32341836190433,48.8551743327849,99.53917049985542,32.371861381283075,369.29427600034614
0006R0_f03180.png,75.8502367417895,86.26685769341846,99.9735160492739,75.8654807420828,366.04148900005384,32.63800140148906,49.213650773725625,99.9968423363542,32.638337782098596,367.4772760000451
0006R0_f03690.png,62.81198804746979,77.158922755929,70.08602150160827,85.81961816419884,364.53862799999115,0.09778357235346911,0.1953760989778329,9.090909035812672,0.09874917708368998,366.8921559997216
0006R0_f03720.png,67.99744490035152,80.95057033835786,88.73606334388495,74.42104342616263,361.84594599990305,5.196727019046246,9.880016548623912,92.99065406076222,5.217163330838314,365.3833260000283
0006R0_f03750.png,48.683220463186046,65.48582995650139,52.15829973967326,87.96193300111705,362.05716299991764,3.513643666919391,6.78875468479383,3.5181404822582514,96.48992706754542,364.8162439999396
0006R0_f03780.png,15.26084954771715,26.480543233197796,17.089981547349126,58.7774148335252,359.7143090000827,4.577787001987821,8.754797999121566,4.5997004625549796,90.57396172743127,364.27424300018174
0016E5_00420.png,76.11884436455917,86.44031777428212,79.01188645804187,95.41049059145172,361.2206189995959,0.34735738882719613,0.6923099877583251,99.99999971264369,0.34735738882719613,363.57226600011927
0016E5_00450.png,63.58644725342854,77.74048317697157,69.16845493521001,88.73772597894882,360.2009740002359,14.037506474406344,24.619104553214356,97.25579185723491,14.093328438912136,363.02352999973664
0016E5_00780.png,20.28515878058302,33.72844827446417,21.835256237089602,74.0760968370515,359.5614509999905,22.64377682014699,36.92609182013912,79.89097511817627,24.01237938758194,363.33677699985856
0016E5_00810.png,8.965725958313858,16.456047770000275,11.197203060455712,31.029065192189297,359.33697500013295,1.4126264386630079,2.7858985380235683,2.073998207390347,4.241948152856258,362.6087689999622
0016E5_01020.png,35.34406236597028,52.228463883993605,36.86795490994895,89.5297682970447,359.2210779997913,1.4963413630890265,2.948562170799977,2.517114998788665,3.5585101179432486,361.7663170002743
0016E5_01050.png,82.45212675119029,90.38220405468897,84.81652574873037,96.72962225678631,358.7462810000943,1.516653449492798,2.9879894538631,84.53038627331279,1.5208747513398733,362.0841379997728
0016E5_01080.png,74.34692725533792,85.2861916475923,98.09075127743844,75.43859647684236,357.8483189999133,74.58396367727231,85.44194106526841,98.89669004541206,75.20976352494093,361.6200659998867
0016E5_01110.png,92.7151787071073,96.21990268656299,99.52684101002005,93.12565402132128,359.07315999975253,34.58289759194088,51.39270770762745,99.81425583937444,34.60516783107098,362.30859899978896
0016E5_01620.png,91.45111932185789,95.53469276731144,94.30161380016169,96.80044622991089,358.8750969997818,57.94805126204054,73.37608890900843,96.9826491269675,59.01197564509205,361.6074640003717
0016E5_01650.png,73.55371870432347,84.76190456009071,76.724137600327,94.68085056020824,358.5760890000529,49.9999998,66.6666664888889,66.8449194286368,66.48936134846085,362.4751490001472
0016E5_01680.png,62.5530589639366,76.9632504766513,63.85376192083064,96.84625961932164,359.3393820001438,82.7657466852923,90.57030454159244,94.99176728683175,86.54213618432162,361.95214200006376
0016E5_01710.png,69.01041648695204,81.6640984874205,77.71260974277827,86.03896075961377,358.5090040000978,73.2044196872806,84.52950544732136,83.07210005306553,86.03896075961377,366.6849659998661
0016E5_01920.png,66.54940835735549,79.91551457758919,69.27430090902986,94.41923770670634,367.2480150003139,75.0180766178532,85.72608963319023,78.6879028901449,94.14700540192968,372.1011689999614
0016E5_01950.png,92.49104606073291,96.09906325881884,95.59001850178122,96.6135586598327,366.96150100033265,32.02308431984463,48.51134100497784,98.19111283952199,32.21312003920447,368.71449199998096
0016E5_02280.png,82.19442017977202,90.22715415617057,91.03454162376843,89.43396226165105,366.83681299973614,0.5087351502303639,1.0123202714071717,99.99999945054945,0.5087351502303639,367.5452120000955
0016E5_02310.png,92.12772153540216,95.90258063662756,93.32633315786231,98.62509907477609,363.4788539998226,82.9898286231503,90.70430771762703,99.13339891785064,83.59630118846184,365.3911540000081
0016E5_04440.png,74.75545520137116,85.55435950795385,76.15944803520144,97.59332018782253,362.28396300020904,78.29424303697475,87.82587895531549,85.59440555450145,90.1768172445104,365.6512049997218
0016E5_04470.png,69.45441490687207,81.97415800000547,75.79318445914878,89.25276748650704,361.6704030000619,3.0579643984217415,5.934455267522385,74.44444361728397,3.090405902633577,365.4351180002777
0016E5_04500.png,69.13849506756144,81.75370726805207,70.91722592434108,96.49923891603285,362.2468230000777,67.8414096644608,80.83989499383442,76.3063062719341,85.94622014919014,364.6603110000797
0016E5_04530.png,63.895825878025036,77.9712668528578,69.71584271322855,88.44444440076818,360.3222460001234,9.927360770010964,18.061674000853888,83.67346904623074,10.123456785124219,363.88427000019874
0016E5_05040.png,41.371548617895726,58.528818595198786,45.689190866897746,81.40547722142131,359.06404700017447,2.167842445460917,4.24368841226759,82.86516830655852,2.1776038973811467,362.57690399997955
0016E5_05070.png,52.42906172705424,68.79142485431797,59.945835402644896,80.69940475590033,358.62974899964684,34.956870907573105,51.80450713252496,99.83011252923546,34.977678568826065,362.76263699983247
0016E5_05100.png,68.09373588639309,81.01876673431133,72.7141481844494,91.46489098579606,359.9161379997895,2.7777777768805625,5.405405403706661,5.620915029005937,5.20581113486331,362.6060240003426
0016E5_05130.png,25.633563717032427,40.806871919620995,28.003709096833525,75.17780936160106,359.35156200002893,7.966457020277269,14.75728154862224,82.01438819419285,8.108108105224714,362.56288799995673
0016E5_05340.png,53.65459247941313,69.83792884238309,82.1693907468205,60.724743755225205,360.898331000044,5.563689602648723,10.540915391629364,99.99999934210527,5.563689602648723,361.9407510000201
0016E5_05370.png,62.68472903830676,77.06283116904798,83.67123283086507,71.42188958305805,358.8066819997948,5.223880594578414,9.929078009783211,94.91525343292159,5.238540689785529,362.066102999961
0016E5_05700.png,40.051931184671865,57.195828498586806,56.592524637332595,57.81213397568232,359.8546319999514,41.44374507446032,58.60102905595868,72.10814508141405,49.35582102380983,361.28718600002685
0016E5_05730.png,45.593157290593844,62.63090675284013,89.9486426339335,48.04075233227243,361.24924699970506,14.26317450074737,24.96547914595892,19.27505330079423,35.42319747828245,364.038138000069
0016E5_05940.png,70.65527045397359,82.80467431919087,74.4744742508274,93.2330823562666,358.3264449998751,1.019520079530046,2.0184615383787294,1.0203658384412309,92.48120265984511,362.22699100017053
0016E5_05970.png,6.109524464030069,11.515506256181798,6.115751333855936,98.36079009111049,358.92907700008436,7.054375803808368,13.179051768489064,79.15162447729996,7.18793541454078,361.96361299971613
0016E5_06000.png,59.92574255942432,74.94195943740257,92.75862065411548,62.86678783098759,369.37579799996456,12.443095596246057,22.13225370622306,82.68907549127886,12.775902359705038,373.36638099986885
0016E5_06030.png,6.064229498533347,11.435013533223666,6.06760694115428,99.09044971373669,368.63043499988635,11.229453202681192,20.191510214869073,96.40028790755917,11.276739092868727,370.6509109997569
0016E5_06540.png,93.07734070335582,96.41456668533664,95.63519633200482,97.20674422510369,368.249139999989,93.29501254581834,96.53121548979836,95.53444324363416,97.54900697361613,368.89149900025586
0016E5_06570.png,90.63301925070776,95.08638074027805,93.06217540099871,97.20060142654461,365.13860400009435,90.70276588954914,95.12475130233003,93.05391108105182,97.28985915291607,367.68811100000676
0016E5_06600.png,2.4678917884535476,4.816907511961983,2.5172023342475884,55.74845676861556,364.4540569998753,24.168514403485396,38.92857141698555,85.15624988911947,25.231481471747113,366.997554000136
0016E5_06630.png,1.3558613481877313,2.675447340001268,1.364905242180447,67.17293749838697,362.21081200028493,2.4931693980556116,4.865044983383857,70.19230701738167,2.519848117873715,367.89744999987306
0016E5_06840.png,88.77805480749498,94.05548213538458,97.66803834179146,90.70063688490406,362.4151469998651,7.828409280151982,14.520123838260055,7.9000561477877564,89.61783433782303,364.9013669996748
0016E5_06870.png,91.61651099866504,95.62486084438028,93.58207880107476,97.75881593811157,361.97642000024643,52.9778175615483,69.26209094365394,96.9196830352699,53.88510780763558,364.15350200013563
0016E5_07200.png,66.445497598841,79.84054667430509,84.05275774337365,76.03036872232626,363.18907000031686,67.16910029808332,80.36066495340641,83.63636358731004,77.33188715979831,364.05582799989133
0016E5_07230.png,53.67321648899394,69.85370348233455,60.6642656941448,82.32419221223888,360.52143100005196,77.57333331264711,87.3704760343339,97.74865588113285,78.98452346484265,362.94960400027776
0016E5_07440.png,27.778300552575676,43.4789012413669,29.546591929782146,82.27424746870841,358.6337730002924,38.12553010217864,55.2041756132631,61.44907721754988,50.111482706211966,365.4656049998266
0016E5_07470.png,59.86145068461539,74.89166453607854,88.36976136186689,64.98083160351212,359.65059999989535,1.2405965420033527,2.450788684337011,10.573678278319822,1.3860218222668796,361.3267679997989
0016E5_07500.png,69.76129074457704,82.1875121691198,86.88133080071799,77.97487065203438,359.4978410001204,1.6151259576861736,3.1789085383975855,5.974714517541861,2.1655580190565,361.8324419999226
0016E5_07530.png,56.92695199766511,72.55216681773328,77.13310553879487,68.48484827731865,359.83233299975836,8.290155429675965,15.311004766374397,12.648221318877034,19.39393933516988,361.9970610002383
0016E5_07965.png,17.817650736946035,30.24614839202299,26.317411394047024,35.553705230826935,359.38781100003325,15.719467951717212,27.16823405768855,36.46563812309562,21.648626135866518,364.7252099999605
0016E5_07967.png,0.2491901320500714,0.49714143669756056,0.295916354281326,1.5535991706092185,360.6775380003455,25.191228951967755,40.24439916894322,94.27480898039158,25.582599676031798,362.2944029998507
0016E5_07969.png,66.28592480976937,79.72523818308768,76.94610775152006,82.71264364013213,359.93220199998177,22.28335624837994,36.44544430579473,98.7804876041047,22.34482757593341,362.0873059999212
0016E5_07971.png,54.63347163332561,70.66189623275761,58.61983674038589,88.93058158013862,358.95958999981303,12.628227798858074,22.42462310853498,68.78612703509417,13.39587241523607,361.8492400000832
0016E5_07985.png,71.51124555155711,83.38957054575233,81.88253010815022,84.95312498672607,358.48951600019063,3.718624108503467,7.170600536723843,81.6326527835624,3.7499999994140625,361.68934900024396
0016E5_07987.png,23.694674964397706,38.31155216862424,24.771802981257487,84.49445128167471,370.3936449996945,51.14635904093059,67.67792405383724,88.80821229624232,54.6701602875046,371.76671899987923
0016E5_08009.png,70.57823127918023,82.75174475653574,82.96312748046132,82.5414364458472,368.1113010002264,1.9665502661336975,3.857245853666682,10.459433029853926,2.3646408834553276,370.2441390000786
0016E5_08011.png,64.07824539338505,78.10693640677903,76.81193745219991,79.44634980905283,364.1656300001159,15.055281106785396,26.17051727127979,79.11001226315203,15.678588923155662,368.3114810000916
0016E5_08025.png,14.798420048025168,25.781574418592772,18.190189183141623,44.2476074029225,365.3321010001491,50.610910333744464,67.20749542193698,76.56860190664707,59.88597025862635,367.368610000085
0016E5_08027.png,25.381679387294714,40.487062402302946,28.65350089509394,68.9714779453389,363.2792509997671,2.060827654635063,4.038430222433084,8.195637800267258,2.679343128202389,365.96569600033035
0016E5_08029.png,28.181201219190598,43.97088020887023,33.68143566524572,63.31236896067993,364.2200919998686,7.428892214178724,13.830343143384367,80.3643723069547,7.566228319503292,364.5231329996932
0016E5_08031.png,32.8691900340391,49.476014756496234,37.385679228486985,73.12390923361171,361.21275200002856,45.87044533793921,62.89203440994615,54.60240962978274,74.14921464351019,365.43937699980233
0016E5_08065.png,67.05591214650623,80.27960373853625,71.64043458207789,91.2880981159505,360.9446180003033,5.519480519191481,10.461538461019277,91.41370330319712,5.5482444593594655,364.0191680001408
0016E5_08067.png,64.75098723058117,78.60467280837278,68.41806764964885,92.35522501819024,359.4638129998202,16.831790373188685,28.813716402742646,94.41238988933726,17.00114835582648,365.7264309999846
0016E5_08069.png,66.1045139803464,79.59388025802589,71.2291084870075,90.18469656516176,359.13842900026793,0.0,0.0,0.0,0.0,362.1030449999125
0016E5_08071.png,60.488620915885804,75.38057286639491,65.22605133356285,89.27983538635391,358.436686999994,15.743098705523934,27.20352035083813,94.09436831230005,15.900205760498961,362.1965749998708
0016E5_08085.png,67.58868375857925,80.66020001200616,72.29410971341864,91.21598638680136,358.4380769998461,2.6751592354416003,5.21091811371291,95.45454516528926,2.678571428343659,362.35994899971047
0016E5_08087.png,53.004751361358,69.28510505686762,54.54428285123796,94.94416581562093,359.35497599984956,45.40478588514288,62.45294555986446,91.86564542067508,47.30671529959901,361.62667000007787
0016E5_08109.png,46.32544351969572,63.318370893521625,48.05753823440642,92.78142352277395,359.263092999754,6.005031181227931,11.329709758703117,99.43876277133464,6.007067137763928,362.0974250002291
0016E5_08111.png,44.854281344840516,61.93021142131144,46.19114697989663,93.93864917517443,359.5805240001937,17.27920068584961,29.466777714719612,85.55395576898313,17.79849771879235,361.9040519997725
0016E5_08125.png,46.09806060683105,63.10564344982915,47.935361449274914,92.32365308215252,360.03977699965617,7.528654419787026,14.003066364795188,98.51052900888439,7.53723425152248,363.3732980001696
0016E5_08127.png,80.81069188863653,89.387072240627,98.77647058159485,81.62777777324291,358.88599999998405,77.13845645650814,87.09396931597124,98.73961413190116,77.90555555122747,361.9473930002641
0016E5_08129.png,82.26219707044613,90.26797481065258,99.66371337388192,82.49116796475265,359.1700860001765,46.06579299031475,63.0754019092879,99.8492753507421,46.09784819365711,362.01214099992285
0016E5_08131.png,42.211645016152296,59.36454080305158,42.995155828514,95.8615506942925,358.5500190001767,68.53251593517248,81.32853835936812,99.49808462900619,68.77026188564415,363.54933900020114
0016E5_08250.png,88.5265822695163,93.91416446828629,99.38608457260275,89.01333875480975,361.4489759997923,87.73049644501211,93.46429920160482,99.4372990239507,88.16821096750145,361.7610390001573
0016E5_08280.png,94.32244240836603,97.07828003741191,95.96730243924151,98.21528163717021,360.62966200006485,94.29525716843082,97.06387952299636,95.75362907397182,98.41048520657968,362.5758949997362
0016E5_08310.png,5.775565187841348,10.920414705579349,5.784313725464651,97.44810653244193,357.8739350000433,2.3820058995293505,4.653172944993648,73.07692291159067,2.40309500763313,361.4812420000817
0016E5_08340.png,3.480908526691071,6.72763425882221,3.481068021812467,99.8685468331897,359.13580700025705,18.171493467555763,30.754444975420043,78.54688263203393,19.120458888728432,361.93102299966995
0016E5_08550.png,63.37024345547011,77.57868521845346,65.03427062866606,96.11901403844388,358.4335000000465,26.885883957768996,42.37805360085183,80.31925520277461,28.78201043786354,361.12972999990234
0016E5_08580.png,0.0612934275281891,0.12251176339746668,0.12215978499767301,0.12286577596451577,359.204944999874,21.683040147346404,35.638557552622515,89.37251032089418,22.25690778675728,361.09041200006686
Seq05VD_f00240.png,57.50423107274059,73.019284219969,60.54234614332429,91.97381148243771,360.5592119997709,30.89225430454147,47.202570493844156,70.5274488687402,35.47143661458219,362.13288499993723
Seq05VD_f00270.png,0.028811697549101213,0.057606797601909634,0.06839418991298213,0.049758670448016136,359.3430470000385,0.5628949594431825,1.1194883752505274,99.99999988950276,0.5628949594431825,363.58428899984574
Seq05VD_f00480.png,93.29059373477445,96.52885009270967,96.52986407226763,96.52783613394679,359.04131100005543,92.52461744670701,96.11718093382927,97.67956400261555,94.60399159614178,361.4597559999311
Seq05VD_f00510.png,26.500106763506277,41.89736663708687,30.717821774574798,65.87048828775451,369.6033279998119,39.95943203247082,57.10144925881118,62.899105962388816,52.282377891569865,371.8447810001635
Seq05VD_f00540.png,94.02890682344056,96.92257546861669,97.01841654780313,96.82692355812968,366.5731159999268,93.12141610524498,96.43820761390522,99.50289842664685,93.55666100535748,369.6701609997035
Seq05VD_f00570.png,59.283387429044346,74.43762765963675,63.85964889873807,89.21568583717801,366.92712900003244,0.11170064224750054,0.2231520222529562,0.11830819280736227,1.9607843041138024,368.97110900008556
Seq05VD_f01080.png,14.521916874748111,25.36093923511713,14.670970110329254,93.4613135795429,364.5189730000311,7.380016815630929,13.745605624745345,7.486640324429117,83.82381601618476,366.9680220000373
Seq05VD_f01110.png,3.2036415244002274,6.208388535675454,3.3942127846225434,36.329735027216934,363.68307799966715,0.7152854966823345,1.420410999492022,0.7291879783618493,27.281648669817145,365.7277019997309
Seq05VD_f01140.png,3.487371019791812,6.739703570447948,3.498288638953636,91.78607129427088,363.3072769998762,2.9779925319025233,5.783745553167476,2.986482066919293,91.28623790548379,365.4969770000207
Seq05VD_f01170.png,71.14118506380007,83.1374225172967,98.75602942402742,71.78446206462733,361.1973219999527,40.94676735292931,58.102456866426756,99.55217192138282,41.02232883538986,365.12802199968064
Seq05VD_f01380.png,4.082378244576869,7.844513765786436,4.099287003318841,90.82328263098803,360.6272719998742,2.2832221649200584,4.464509655823362,51.4450865565171,2.3335081276437455,364.356718000181
Seq05VD_f01410.png,92.39798365482866,96.04880664507913,94.31767792389405,97.84467061413142,364.2362690002301,0.35267283843795955,0.7028668563830733,99.99999972826087,0.35267283843795955,360.9724370003278
Seq05VD_f01740.png,87.34567874276024,93.24546936862362,90.99678427332223,95.60810778510775,379.9551419997442,77.40112972485556,87.26114635786442,82.53012023334301,92.5675672548393,381.81933999976536
Seq05VD_f01770.png,50.0768836457438,66.73497267433963,57.6401179892423,79.23763178319572,368.61012700001083,64.24159230562324,78.22816547720934,98.06181245013762,65.06777892885323,369.04818599987266
Seq05VD_f01980.png,51.277683112743745,67.79279277370699,56.55237197907357,84.60997885832046,367.52991599996676,36.31508675813412,53.281096937668416,87.8836832182816,38.229093437646455,368.37664800032144
Seq05VD_f02010.png,78.29525476423966,87.82651548160348,78.64077662961978,99.44196417472995,364.0566469998703,81.41025633570489,89.75265013137171,81.93548379545116,99.21874988926479,367.73110699959943
Seq05VD_f02040.png,69.17783409301781,81.78120315097811,70.4277285876004,97.49872378892357,362.85564699983297,44.48176581358841,61.574227810835524,88.11787063867122,47.32006123158751,366.4141839999502
Seq05VD_f02070.png,75.17985604750012,85.83162213252996,75.58770336746137,99.28741080844725,362.3373380000885,78.0168380935296,87.65107720039354,78.60508946408568,99.04988111751796,365.2890700000171
Seq05VD_f02580.png,51.72059576182815,68.17874066750889,56.25698320879498,86.51202741708587,361.5159420000964,3.2190195659122613,6.23726049607883,4.088722607138235,13.144329885614836,364.1506929998286
Seq05VD_f02610.png,67.86136271450913,80.85405910819942,67.88810084007562,99.94199530165777,361.0954999999194,41.26569035498656,58.42280634638178,80.75742059287879,45.76566122635402,363.99172300025384
Seq05VD_f02640.png,0.0,0.0,0.0,0.0,361.7731469998944,50.588234996539796,67.18749973754883,81.90476112471656,56.95364200692953,363.85735099975136
Seq05VD_f02670.png,69.27822241687944,81.85131132375527,74.14247608290842,91.34918416671638,359.4136140000046,1.6938289690451247,3.3312325560299514,99.99999997155051,1.6938289690451247,362.7590430000964
Seq05VD_f02880.png,71.23855257820638,83.20387144789841,74.2898293815116,94.54878736560185,360.6593080003222,10.312064602963089,18.696168256987,92.31218453709123,10.401391238905802,363.49894400018457
Seq05VD_f02910.png,90.53803333918489,95.03407981336123,93.72599225753777,96.37919677657722,359.5379180001146,91.47869668453716,95.54973818862902,94.99024066688987,96.1158656378434,362.51328699972873
Seq05VD_f03240.png,6.2931597109347965,11.84113771393964,6.303950392039304,97.35203433302992,360.63602000012907,2.6289060164528344,5.123129766250036,69.18238982832958,2.6600568283259745,362.66873000022315
Seq05VD_f03270.png,0.2354880489537869,0.46986961112770237,0.7217610968163981,0.34831069307761914,361.79730100002416,74.1154562258142,85.13368983129472,96.36803871970767,76.24521071469084,360.4103180000493
Seq05VD_f03480.png,90.51590337692362,95.02188717321268,92.82251601389416,97.32801325652525,360.8260609998979,92.61160499230783,96.16409665036163,96.27738215089397,96.05107743240085,362.2456149996651
Seq05VD_f03510.png,63.86554568180214,77.94871754898094,81.72042922881259,74.50980319108037,358.7440660003267,8.148148136076818,15.068493130043159,8.757961769493692,53.92156809880816,361.88674999993964
Seq05VD_f03540.png,79.58607787898644,88.63279249588076,92.24763119449484,85.29057474678183,358.6497279998184,4.234582564637112,8.125101018198439,99.99999998010742,4.234582564637112,364.5913320001455
Seq05VD_f03570.png,6.858819233369072,12.837160811949627,6.878700979436651,95.95635984968773,360.33194499987076,36.13630791565446,53.088420670323046,86.53620350557021,38.2890293498754,362.732989000051
Seq05VD_f04080.png,64.67354722182257,78.5475849800022,68.20063881838394,92.59556696232,359.66107000012926,48.58637859324952,65.39815971456332,50.58875219239114,92.46707354762816,361.4437530000032
Seq05VD_f04110.png,3.172813657082813,6.150483920363645,4.08968237407314,12.397734416363917,359.2863470003067,12.499999992415049,22.222222210236126,77.73584876326095,12.964128374471914,361.68169699976715
Seq05VD_f04140.png,54.18902302553686,70.28908019809172,58.661060017586486,87.6667118727037,359.9466969999412,51.68711237256668,68.1496424635143,56.64071856117842,85.52827885141605,362.0577769997908
Seq05VD_f04170.png,64.423262511478,78.36271039443797,79.88033873196096,76.90167304556745,359.5685149998644,5.455516745383559,10.346574392225678,9.23367970052117,11.764497376794193,361.71700299973963
Seq05VD_f04380.png,6.034965381819737,11.382972324437548,6.052594171954139,95.39598968349993,359.00283799992394,0.9745715244791562,1.9303305966351973,99.99999885057474,0.9745715244791562,362.36952399985967
Seq05VD_f04410.png,69.36017186933422,81.9084807292796,70.01313425055382,98.67322342074087,359.8902740000085,87.102922189599,93.1069607788745,92.55788008335858,93.66259496906224,362.3492530000476
Seq05VD_f04740.png,74.57743302933805,85.43765564109903,76.60039650888162,96.57991870242151,358.40523100023347,38.88094000549613,55.99175812599978,99.98648364370911,38.8829836936476,361.9678630002454
Seq05VD_f04770.png,62.07451438249836,76.59996961151035,70.84617472005365,83.37096976492415,358.4072510002443,59.55526125113445,74.65157937649771,98.75554888085033,60.00558843957068,361.67703000000984
Seq05VD_f04980.png,0.6357756772035622,1.263518212932264,1.2189746929458731,1.311440602984455,358.4767769998507,2.273258077056702,4.44545938947978,99.99999996886675,2.273258077056702,361.424186000022
Seq05VD_f05010.png,23.07080801640618,37.49192580799613,25.13299517350408,73.765432085373,360.6810689998383,3.8795394147246163,7.469304227921332,61.51685375978412,3.976034857665934,364.1287039999952
Seq05VD_f05040.png,0.0012433996203434958,0.0024867683202191393,0.002727719081279412,0.0022849308808234516,359.4111899997188,2.250834879389604,4.402575063655148,46.74784216295502,2.3100651205125096,361.5268339999602
Seq05VD_f05070.png,0.0006466339469847676,0.0012932595313143833,0.0006721062465509382,0.017059024220904294,360.424977999628,32.207678880261106,48.722856573907805,39.73517062765258,62.96485839935775,362.98627399992256
